zip,lat,lng,city,state_id,state_name,population,density,county_fips,county_name,timezone
79907,31.7074,-106.32681,El Paso,TX,Texas,49169,1384.4,48141,El Paso,America/Denver
80004,39.81443,-105.12293,Arvada,CO,Colorado,35349,1909.0,08059,Jefferson,America/Denver
80013,39.66145,-104.76577,Aurora,CO,Colorado,73870,2044.8,08005,Arapahoe,America/Denver
80020,39.93121,-105.07407,Broomfield,CO,Colorado,53475,1044.6,08014,Broomfield,America/Denver
80022,39.86448,-104.78868,Commerce City,CO,Colorado,58681,284.8,08001,Adams,America/Denver
80027,39.9508,-105.16354,Louisville,CO,Colorado,34161,708.1,08013,Boulder,America/Denver
80112,39.57288,-104.85854,Englewood,CO,Colorado,36058,780.0,08005,Arapahoe,America/Denver
80122,39.5806,-104.95573,Littleton,CO,Colorado,31650,1717.7,08005,Arapahoe,America/Denver
80134,39.48282,-104.77957,Parker,CO,Colorado,75383,507.5,08035,Douglas,America/Denver
80219,39.69496,-105.03432,Denver,CO,Colorado,64696,3384.1,08031,Denver,America/Denver
80229,39.85472,-104.95867,Denver,CO,Colorado,55929,1726.1,08001,Adams,America/Denver
80501,40.16479,-105.10208,Longmont,CO,Colorado,43222,1322.6,08013,Boulder,America/Denver
80525,40.52795,-105.04249,Fort Collins,CO,Colorado,55315,914.3,08069,Larimer,America/Denver
80538,40.48174,-105.16825,Loveland,CO,Colorado,48929,184.9,08069,Larimer,America/Denver
80634,40.40075,-104.79222,Greeley,CO,Colorado,62001,624.8,08123,Weld,America/Denver
80906,38.76744,-104.87023,Colorado Springs,CO,Colorado,38732,328.1,08041,El Paso,America/Denver
81001,38.29525,-104.5378,Pueblo,CO,Colorado,31160,375.5,08101,Pueblo,America/Denver
93277,36.29963,-119.38139,Visalia,CA,California,54127,530.0,06107,Tulare,America/Los_Angeles
93309,35.34266,-119.06461,Bakersfield,CA,California,62828,2321.0,06029,Kern,America/Los_Angeles
93405,35.29672,-120.72618,San Luis Obispo,CA,California,24991,107.5,06079,San Luis Obispo,America/Los_Angeles
93454,34.94834,-120.23425,Santa Maria,CA,California,41110,37.9,06083,Santa Barbara,America/Los_Angeles
93534,34.71759,-118.15079,Lancaster,CA,California,42515,865.9,06037,Los Angeles,America/Los_Angeles
93727,36.75119,-119.69736,Fresno,CA,California,82176,1443.7,06019,Fresno,America/Los_Angeles
93905,36.6849,-121.60562,Salinas,CA,California,63121,2637.6,06053,Monterey,America/Los_Angeles
94061,37.46136,-122.23731,Redwood City,CA,California,37539,3753.9,06081,San Mateo,America/Los_Angeles
94086,37.37164,-122.02316,Sunnyvale,CA,California,49217,4351.8,06085,Santa Clara,America/Los_Angeles
94109,37.79334,-122.42138,San Francisco,CA,California,56333,20163.9,06075,San Francisco,America/Los_Angeles
94110,37.74975,-122.41528,San Francisco,CA,California,69679,11257.3,06075,San Francisco,America/Los_Angeles
94122,37.76113,-122.48433,San Francisco,CA,California,59453,7047.4,06075,San Francisco,America/Los_Angeles
94403,37.53844,-122.30454,San Mateo,CA,California,43858,3006.3,06081,San Mateo,America/Los_Angeles
94509,37.99214,-121.8142,Antioch,CA,California,70889,1569.1,06013,Contra Costa,America/Los_Angeles
94513,37.92541,-121.68452,Brentwood,CA,California,67580,330.9,06013,Contra Costa,America/Los_Angeles
94521,37.95293,-121.96971,Concord,CA,California,41092,1638.5,06013,Contra Costa,America/Los_Angeles
94526,37.81472,-121.98451,Danville,CA,California,33396,979.0,06013,Contra Costa,America/Los_Angeles
94533,38.28132,-122.00693,Fairfield,CA,California,78129,1339.2,06095,Solano,America/Los_Angeles
59102,45.77479,-108.58133,Billings,MT,Montana,48480,1244.7,30111,Yellowstone,America/Denver
59405,47.28102,-111.25937,Great Falls,MT,Montana,34010,27.4,30013,Cascade,America/Denver
59601,46.54199,-112.17474,Helena,MT,Montana,31447,93.3,30049,Lewis and Clark,America/Denver
59715,45.6928,-110.9065,Bozeman,MT,Montana,39061,51.1,30031,Gallatin,America/Denver
59801,46.85505,-114.01009,Missoula,MT,Montana,31094,1557.0,30063,Missoula,America/Denver
60004,42.11206,-87.97895,Arlington Heights,IL,Illinois,52189,1812.5,17031,Cook,America/Chicago
60016,42.05232,-87.8899,Des Plaines,IL,Illinois,61988,1974.3,17031,Cook,America/Chicago
76706,31.465,-97.09131,Waco,TX,Texas,40770,217.8,48309,McLennan,America/Chicago
76903,31.48168,-100.43787,San Angelo,TX,Texas,30955,477.2,48451,Tom Green,America/Chicago
77036,29.70119,-95.53659,Houston,TX,Texas,72278,3836.1,48201,Harris,America/Chicago
77041,29.86203,-95.58187,Houston,TX,Texas,31912,652.7,48201,Harris,America/Chicago
77070,29.97783,-95.57377,Houston,TX,Texas,58409,1728.8,48201,Harris,America/Chicago
50315,41.5449,-93.62063,Des Moines,IA,Iowa,36355,1363.0,19153,Polk,America/Chicago
50322,41.63383,-93.73589,Urbandale,IA,Iowa,31917,1138.5,19153,Polk,America/Chicago
82001,41.095,-104.93265,Cheyenne,WY,Wyoming,38043,266.5,56021,Laramie,America/Denver
83201,42.88949,-112.38324,Pocatello,ID,Idaho,39170,442.1,16005,Bannock,America/Boise
77095,29.90834,-95.65492,Houston,TX,Texas,69644,1824.1,48201,Harris,America/Chicago
77301,30.30897,-95.43281,Conroe,TX,Texas,34299,656.5,48339,Montgomery,America/Chicago
77340,30.64601,-95.53441,Huntsville,TX,Texas,33969,61.5,48471,Walker,America/Chicago
77489,29.60068,-95.51605,Missouri City,TX,Texas,37748,1290.1,48157,Fort Bend,America/Chicago
77506,29.71786,-95.19018,Pasadena,TX,Texas,37561,1281.9,48201,Harris,America/Chicago
77520,29.74599,-95.00388,Baytown,TX,Texas,36488,669.8,48201,Harris,America/Chicago
77536,29.69021,-95.11891,Deer Park,TX,Texas,33111,1301.6,48201,Harris,America/Chicago
77571,29.69287,-95.06012,La Porte,TX,Texas,37346,389.0,48201,Harris,America/Chicago
77573,29.50213,-95.08636,League City,TX,Texas,95704,1240.6,48167,Galveston,America/Chicago
77581,29.5624,-95.27982,Pearland,TX,Texas,50554,792.8,48039,Brazoria,America/Chicago
77590,29.3804,-94.91759,Texas City,TX,Texas,33347,511.3,48167,Galveston,America/Chicago
77642,29.93917,-93.91606,Port Arthur,TX,Texas,38720,758.0,48245,Jefferson,America/Chicago
77705,29.90652,-94.16961,Beaumont,TX,Texas,38228,60.8,48245,Jefferson,America/Chicago
77803,30.67835,-96.3867,Bryan,TX,Texas,32130,914.0,48041,Brazos,America/Chicago
77840,30.6115,-96.32332,College Station,TX,Texas,53891,2088.0,48041,Brazos,America/Chicago
78041,27.55489,-99.46889,Laredo,TX,Texas,47594,1055.0,48479,Webb,America/Chicago
94568,37.71596,-121.90113,Dublin,CA,California,71068,1663.6,06001,Alameda,America/Los_Angeles
94591,38.12702,-122.19635,Vallejo,CA,California,59026,1080.2,06095,Solano,America/Los_Angeles
94601,37.77684,-122.21822,Oakland,CA,California,52102,6288.0,06001,Alameda,America/Los_Angeles
95037,37.13213,-121.67886,Morgan Hill,CA,California,51867,166.8,06085,Santa Clara,America/Los_Angeles
95051,37.3483,-121.98444,Santa Clara,CA,California,60499,3544.0,06085,Santa Clara,America/Los_Angeles
95123,37.24479,-121.83306,San Jose,CA,California,70952,3502.3,06085,Santa Clara,America/Los_Angeles
95207,38.00242,-121.325,Stockton,CA,California,52877,2817.6,06077,San Joaquin,America/Los_Angeles
95240,38.1177,-121.1627,Lodi,CA,California,50245,284.5,06077,San Joaquin,America/Los_Angeles
95336,37.83351,-121.1988,Manteca,CA,California,49145,495.0,06077,San Joaquin,America/Los_Angeles
95351,37.6236,-120.99828,Modesto,CA,California,48134,2089.9,06099,Stanislaus,America/Los_Angeles
37918,36.0599,-83.91082,Knoxville,TN,Tennessee,45741,511.0,47093,Knox,America/New_York
38109,35.0341,-90.13533,Memphis,TN,Tennessee,45204,292.3,47157,Shelby,America/Chicago
38134,35.17674,-89.85992,Memphis,TN,Tennessee,42789,889.4,47157,Shelby,America/Chicago
38301,35.5908,-88.8531,Jackson,TN,Tennessee,33459,85.6,47113,Madison,America/Chicago
38401,35.62955,-87.02097,Columbia,TN,Tennessee,65393,85.1,47119,Maury,America/Chicago
46060,40.06616,-85.93137,Noblesville,IN,Indiana,47340,226.8,18057,Hamilton,America/Indiana/Indianapolis
46142,39.62029,-86.1764,Greenwood,IN,Indiana,34676,896.2,18081,Johnson,America/Indiana/Indianapolis
46203,39.7368,-86.09586,Indianapolis,IN,Indiana,36544,1012.2,18097,Marion,America/Indiana/Indianapolis
46226,39.83968,-86.05117,Indianapolis,IN,Indiana,45716,1192.4,18097,Marion,America/Indiana/Indianapolis
46350,41.60697,-86.72157,La Porte,IN,Indiana,44923,89.6,18091,LaPorte,America/Chicago
46368,41.5848,-87.17937,Portage,IN,Indiana,39947,608.8,18127,Porter,America/Chicago
46514,41.72328,-85.97547,Elkhart,IN,Indiana,41248,411.6,18039,Elkhart,America/Indiana/Indianapolis
46544,41.61778,-86.13715,Mishawaka,IN,Indiana,30817,299.0,18141,St. Joseph,America/Indiana/Indianapolis
46614,41.60359,-86.28064,South Bend,IN,Indiana,29545,214.2,18141,St. Joseph,America/Indiana/Indianapolis
17403,39.92142,-76.71277,York,PA,Pennsylvania,40014,750.5,42133,York,America/New_York
17602,40.01486,-76.24632,Lancaster,PA,Pennsylvania,50184,788.8,42071,Lancaster,America/New_York
18018,40.62766,-75.39538,Bethlehem,PA,Pennsylvania,31479,2350.0,42077,Lehigh,America/New_York
72401,35.86835,-90.66193,Jonesboro,AR,Arkansas,42159,183.9,05031,Craighead,America/Chicago
32503,30.46022,-87.21372,Pensacola,FL,Florida,33875,1037.2,12033,Escambia,America/Chicago
32712,28.72917,-81.54103,Apopka,FL,Florida,49738,268.4,12095,Orange,America/New_York
32725,28.88368,-81.25061,Deltona,FL,Florida,50825,851.3,12127,Volusia,America/New_York
32771,28.81496,-81.31751,Sanford,FL,Florida,59134,608.9,12117,Seminole,America/New_York
32839,28.48833,-81.40689,Orlando,FL,Florida,49304,2562.5,12095,Orange,America/New_York
32935,28.1444,-80.64832,Melbourne,FL,Florida,41342,1214.6,12009,Brevard,America/New_York
33012,25.86583,-80.30247,Hialeah,FL,Florida,71088,4673.8,12086,Miami-Dade,America/New_York
33021,26.02277,-80.18742,Hollywood,FL,Florida,50300,2198.2,12011,Broward,America/New_York
33023,25.98812,-80.21263,Hollywood,FL,Florida,71749,3164.1,12011,Broward,America/New_York
33024,26.02501,-80.24475,Hollywood,FL,Florida,73405,2442.6,12011,Broward,America/New_York
33030,25.4848,-80.50857,Homestead,FL,Florida,36405,796.6,12086,Miami-Dade,America/New_York
33063,26.25138,-80.21014,Pompano Beach,FL,Florida,55143,2595.1,12011,Broward,America/New_York
33065,26.27318,-80.26029,Coral Springs,FL,Florida,60600,2727.3,12011,Broward,America/New_York
33068,26.21644,-80.21535,Pompano Beach,FL,Florida,52792,3166.7,12011,Broward,America/New_York
33134,25.75338,-80.2712,Miami,FL,Florida,37958,2803.4,12086,Miami-Dade,America/New_York
33142,25.80665,-80.25517,Miami,FL,Florida,59121,2093.1,12086,Miami-Dade,America/New_York
33161,25.89357,-80.18285,Miami,FL,Florida,52824,3719.9,12086,Miami-Dade,America/New_York
33178,25.83578,-80.4213,Miami,FL,Florida,64751,409.2,12086,Miami-Dade,America/New_York
33180,25.96145,-80.1415,Miami,FL,Florida,32881,3892.1,12086,Miami-Dade,America/New_York
38671,34.96376,-89.99567,Southaven,MS,Mississippi,37288,647.8,28033,DeSoto,America/Chicago
39212,32.24081,-90.26174,Jackson,MS,Mississippi,29687,387.2,28049,Hinds,America/Chicago
39401,31.23496,-89.26912,Hattiesburg,MS,Mississippi,41755,85.4,28035,Forrest,America/Chicago
05401,44.47484,-73.21758,Burlington,VT,Vermont,32019,2025.7,50007,Chittenden,America/New_York
06010,41.681,-72.94065,Bristol,CT,Connecticut,61077,890.0,09140,Naugatuck Valley,America/New_York
06040,41.7616,-72.52247,Manchester,CT,Connecticut,36847,840.5,09110,Capitol,America/New_York
39503,30.47432,-89.14752,Gulfport,MS,Mississippi,53049,179.2,28047,Harrison,America/Chicago
40214,38.15141,-85.78285,Louisville,KY,Kentucky,46033,1187.4,21111,Jefferson,America/New_York
40324,38.24786,-84.54956,Georgetown,KY,Kentucky,51072,127.1,21209,Scott,America/New_York
40475,37.7635,-84.30828,Richmond,KY,Kentucky,64678,86.9,21151,Madison,America/New_York
47150,38.28831,-85.84775,New Albany,IN,Indiana,49722,426.6,18043,Floyd,America/Kentucky/Louisville
47201,39.15074,-85.99432,Columbus,IN,Indiana,48043,92.2,18005,Bartholomew,America/Indiana/Indianapolis
47362,39.93186,-85.36998,New Castle,IN,Indiana,29377,76.8,18065,Henry,America/Indiana/Indianapolis
47374,39.83376,-84.88997,Richmond,IN,Indiana,45480,146.6,18177,Wayne,America/Indiana/Indianapolis
47401,39.08613,-86.45138,Bloomington,IN,Indiana,40399,188.8,18105,Monroe,America/Indiana/Indianapolis
83301,42.39472,-114.52203,Twin Falls,ID,Idaho,61291,80.0,16083,Twin Falls,America/Boise
83501,46.2283,-116.90608,Lewiston,ID,Idaho,37136,58.7,16069,Nez Perce,America/Los_Angeles
83605,43.66442,-116.65171,Caldwell,ID,Idaho,39636,621.4,16027,Canyon,America/Boise
83642,43.57334,-116.40116,Meridian,ID,Idaho,54645,508.7,16001,Ada,America/Boise
83704,43.62765,-116.28716,Boise,ID,Idaho,40520,1787.7,16001,Ada,America/Boise
84020,40.49885,-111.8635,Draper,UT,Utah,50635,719.7,49035,Salt Lake,America/Denver
84041,41.07137,-111.98416,Layton,UT,Utah,55009,1422.6,49011,Davis,America/Denver
84043,40.41209,-111.87377,Lehi,UT,Utah,77551,961.6,49049,Utah,America/Denver
84057,40.31427,-111.70948,Orem,UT,Utah,38222,2395.5,49049,Utah,America/Denver
84062,40.38586,-111.68421,Pleasant Grove,UT,Utah,47430,361.2,49049,Utah,America/Denver
84084,40.62139,-111.96603,West Jordan,UT,Utah,31933,1857.0,49035,Salt Lake,America/Denver
84106,40.70678,-111.85571,Salt Lake City,UT,Utah,34704,2219.1,49035,Salt Lake,America/Denver
84107,40.65799,-111.88447,Salt Lake City,UT,Utah,36697,1879.1,49035,Salt Lake,America/Denver
60025,42.07466,-87.81204,Glenview,IL,Illinois,40858,1503.8,17031,Cook,America/Chicago
60035,42.18358,-87.8106,Highland Park,IL,Illinois,30215,921.0,17097,Lake,America/Chicago
60067,42.10773,-88.06478,Palatine,IL,Illinois,38380,1138.9,17031,Cook,America/Chicago
60068,42.01276,-87.84435,Park Ridge,IL,Illinois,39332,2077.1,17031,Cook,America/Chicago
60076,42.03412,-87.72943,Skokie,IL,Illinois,33170,2494.0,17031,Cook,America/Chicago
60089,42.16736,-87.96076,Buffalo Grove,IL,Illinois,42867,1681.2,17097,Lake,America/Chicago
60090,42.13031,-87.92268,Wheeling,IL,Illinois,38753,1665.6,17031,Cook,America/Chicago
60098,42.32468,-88.45672,Woodstock,IL,Illinois,33116,122.0,17111,McHenry,America/Chicago
60126,41.89627,-87.94194,Elmhurst,IL,Illinois,48032,1655.0,17043,DuPage,America/Chicago
60174,41.92759,-88.29906,Saint Charles,IL,Illinois,30799,866.7,17089,Kane,America/Chicago
60188,41.91562,-88.12958,Carol Stream,IL,Illinois,42219,1621.9,17043,DuPage,America/Chicago
60201,42.05665,-87.69827,Evanston,IL,Illinois,43122,3690.7,17031,Cook,America/Chicago
60302,41.8948,-87.78983,Oak Park,IL,Illinois,33063,4319.4,17031,Cook,America/Chicago
60423,41.47922,-87.83961,Frankfort,IL,Illinois,32596,332.3,17197,Will,America/Chicago
60440,41.70125,-88.07572,Bolingbrook,IL,Illinois,51412,1316.3,17197,Will,America/Chicago
60441,41.59238,-88.05106,Lockport,IL,Illinois,37046,508.2,17197,Will,America/Chicago
60462,41.62527,-87.83548,Orland Park,IL,Illinois,40942,989.3,17031,Cook,America/Chicago
60477,41.57347,-87.78597,Tinley Park,IL,Illinois,36543,992.2,17031,Cook,America/Chicago
60505,41.76527,-88.29576,Aurora,IL,Illinois,59466,2264.1,17089,Kane,America/Chicago
60540,41.76361,-88.14476,Naperville,IL,Illinois,42756,1248.8,17043,DuPage,America/Chicago
60543,41.66537,-88.32442,Oswego,IL,Illinois,40714,374.8,17093,Kendall,America/Chicago
60610,41.90388,-87.63738,Chicago,IL,Illinois,42904,14893.0,17031,Cook,America/Chicago
60623,41.84793,-87.71753,Chicago,IL,Illinois,76611,5501.4,17031,Cook,America/Chicago
60653,41.81924,-87.61017,Chicago,IL,Illinois,34364,5623.1,17031,Cook,America/Chicago
50701,42.4171,-92.34448,Waterloo,IA,Iowa,30128,147.0,19013,Black Hawk,America/Chicago
78207,29.42223,-98.52545,San Antonio,TX,Texas,51381,2717.4,48029,Bexar,America/Chicago
78415,27.65437,-97.48712,Corpus Christi,TX,Texas,42831,151.5,48355,Nueces,America/Chicago
78501,26.21599,-98.2391,Mcallen,TX,Texas,59954,1489.6,48215,Hidalgo,America/Chicago
78521,25.95109,-97.32078,Brownsville,TX,Texas,87040,358.5,48061,Cameron,America/Chicago
78539,26.28,-98.18311,Edinburg,TX,Texas,37182,1172.9,48215,Hidalgo,America/Chicago
78550,26.25469,-97.66406,Harlingen,TX,Texas,54441,223.2,48061,Cameron,America/Chicago
78577,26.1665,-98.19082,Pharr,TX,Texas,79496,1180.5,48215,Hidalgo,America/Chicago
78664,30.50461,-97.64583,Round Rock,TX,Texas,62168,1444.9,48491,Williamson,America/Chicago
78666,29.8826,-97.97974,San Marcos,TX,Texas,86530,173.7,48209,Hays,America/Chicago
78745,30.20743,-97.79822,Austin,TX,Texas,61322,1723.6,48453,Travis,America/Chicago
95610,38.69494,-121.27219,Citrus Heights,CA,California,46219,2250.8,06067,Sacramento,America/Los_Angeles
95616,38.55819,-121.80044,Davis,CA,California,52090,673.7,06113,Yolo,America/Los_Angeles
95661,38.74129,-121.24925,Roseville,CA,California,32827,1415.5,06061,Placer,America/Los_Angeles
95687,38.3344,-121.91765,Vacaville,CA,California,68996,597.9,06095,Solano,America/Los_Angeles
95695,38.68847,-121.85666,Woodland,CA,California,39892,105.8,06113,Yolo,America/Los_Angeles
95823,38.47473,-121.44266,Sacramento,CA,California,82983,2791.2,06067,Sacramento,America/Los_Angeles
95928,39.68317,-121.83528,Chico,CA,California,38412,102.0,06007,Butte,America/Los_Angeles
96003,40.66664,-122.31564,Redding,CA,California,43945,152.6,06089,Shasta,America/Los_Angeles
84321,41.77938,-111.68316,Logan,UT,Utah,49434,86.7,49005,Cache,America/Denver
84604,40.3313,-111.57284,Provo,UT,Utah,44575,181.5,49049,Utah,America/Denver
85023,33.63156,-112.09452,Phoenix,AZ,Arizona,33097,1723.8,04013,Maricopa,America/Phoenix
85204,33.39666,-111.78786,Mesa,AZ,Arizona,66851,2605.0,04013,Maricopa,America/Phoenix
85224,33.32351,-111.87616,Chandler,AZ,Arizona,49159,2013.6,04013,Maricopa,America/Phoenix
85234,33.36479,-111.73924,Gilbert,AZ,Arizona,49466,1599.1,04013,Maricopa,America/Phoenix
85254,33.61474,-111.95176,Scottsdale,AZ,Arizona,45207,1272.4,04013,Maricopa,America/Phoenix
85281,33.42805,-111.93157,Tempe,AZ,Arizona,68623,1994.6,04013,Maricopa,America/Phoenix
85301,33.53219,-112.17817,Glendale,AZ,Arizona,67781,2810.3,04013,Maricopa,America/Phoenix
85323,33.41888,-112.32615,Avondale,AZ,Arizona,45288,985.7,04013,Maricopa,America/Phoenix
85345,33.57215,-112.24838,Peoria,AZ,Arizona,61801,1880.5,04013,Maricopa,America/Phoenix
85364,32.70469,-114.65664,Yuma,AZ,Arizona,71910,723.4,04027,Yuma,America/Phoenix
52001,42.54819,-90.69348,Dubuque,IA,Iowa,42895,634.0,19061,Dubuque,America/Chicago
52240,41.63143,-91.49924,Iowa City,IA,Iowa,36475,99.1,19103,Johnson,America/Chicago
52302,42.0656,-91.57091,Marion,IA,Iowa,42803,222.3,19113,Linn,America/Chicago
56560,46.83637,-96.73467,Moorhead,MN,Minnesota,43860,107.6,27027,Clay,America/Chicago
57103,43.538,-96.69241,Sioux Falls,SD,South Dakota,35785,1459.7,46099,Minnehaha,America/Chicago
18103,40.57223,-75.48138,Allentown,PA,Pennsylvania,48344,1087.9,42077,Lehigh,America/New_York
19013,39.84529,-75.37474,Chester,PA,Pennsylvania,34456,2356.3,42045,Delaware,America/New_York
61032,42.31509,-89.63598,Freeport,IL,Illinois,29359,76.2,17177,Stephenson,America/Chicago
61107,42.28344,-89.00348,Rockford,IL,Illinois,29386,760.5,17201,Winnebago,America/Chicago
61604,40.70525,-89.65297,Peoria,IL,Illinois,28220,717.1,17143,Peoria,America/Chicago
61701,40.47697,-88.99278,Bloomington,IL,Illinois,35480,1242.3,17113,McLean,America/Chicago
97030,45.50896,-122.43135,Gresham,OR,Oregon,38947,2007.2,41051,Multnomah,America/Los_Angeles
97123,45.44353,-122.98048,Hillsboro,OR,Oregon,48218,334.4,41067,Washington,America/Los_Angeles
27217,36.19221,-79.38404,Burlington,NC,North Carolina,40036,125.5,37001,Alamance,America/New_York
64118,39.21301,-94.57497,Kansas City,MO,Missouri,42897,1296.4,29047,Clay,America/Chicago
54302,44.50663,-87.97668,Green Bay,WI,Wisconsin,31428,1315.3,55009,Brown,America/Chicago
54401,44.96647,-89.70794,Wausau,WI,Wisconsin,31292,143.5,55073,Marathon,America/Chicago
54601,43.80199,-91.14559,La Crosse,WI,Wisconsin,51116,261.6,55063,La Crosse,America/Chicago
54703,44.83311,-91.5185,Eau Claire,WI,Wisconsin,43618,207.7,55035,Eau Claire,America/Chicago
54880,46.59342,-92.12701,Superior,WI,Wisconsin,30219,70.2,55031,Douglas,America/Chicago
54915,44.24279,-88.35928,Appleton,WI,Wisconsin,43815,1124.7,55015,Calumet,America/Chicago
90004,34.07624,-118.31101,Los Angeles,CA,California,58833,7445.8,06037,Los Angeles,America/Los_Angeles
90008,34.01037,-118.3428,Los Angeles,CA,California,33076,4413.8,06037,Los Angeles,America/Los_Angeles
90032,34.0793,-118.17835,Los Angeles,CA,California,44881,3598.9,06037,Los Angeles,America/Los_Angeles
90036,34.07013,-118.34978,Los Angeles,CA,California,37713,5929.4,06037,Los Angeles,America/Los_Angeles
90045,33.95302,-118.40028,Los Angeles,CA,California,41123,1475.7,06037,Los Angeles,America/Los_Angeles
90049,34.08749,-118.48976,Los Angeles,CA,California,35819,923.7,06037,Los Angeles,America/Los_Angeles
90278,33.87362,-118.37028,Redondo Beach,CA,California,42536,4473.8,06037,Los Angeles,America/Los_Angeles
90301,33.95647,-118.35863,Inglewood,CA,California,37341,5810.5,06037,Los Angeles,America/Los_Angeles
90503,33.84089,-118.3538,Torrance,CA,California,44280,3246.1,06037,Los Angeles,America/Los_Angeles
90604,33.93012,-118.01226,Whittier,CA,California,39795,3650.6,06037,Los Angeles,America/Los_Angeles
90640,34.01506,-118.111,Montebello,CA,California,62294,2890.0,06037,Los Angeles,America/Los_Angeles
90660,33.98868,-118.09111,Pico Rivera,CA,California,61561,3066.7,06037,Los Angeles,America/Los_Angeles
90712,33.849,-118.14677,Lakewood,CA,California,31552,2889.4,06037,Los Angeles,America/Los_Angeles
90805,33.86494,-118.18051,Long Beach,CA,California,96515,5023.0,06037,Los Angeles,America/Los_Angeles
91104,34.16766,-118.12341,Pasadena,CA,California,35918,3677.8,06037,Los Angeles,America/Los_Angeles
52402,42.02272,-91.66001,Cedar Rapids,IA,Iowa,42648,1203.1,19113,Linn,America/Chicago
52601,40.8551,-91.111,Burlington,IA,Iowa,27592,97.4,19057,Des Moines,America/Chicago
79109,35.1665,-101.88633,Amarillo,TX,Texas,42659,1597.2,48381,Randall,America/Chicago
79424,33.46865,-101.93881,Lubbock,TX,Texas,50448,468.2,48303,Lubbock,America/Chicago
79605,32.43394,-99.78182,Abilene,TX,Texas,28989,1019.2,48441,Taylor,America/Chicago
79762,31.92573,-102.35502,Odessa,TX,Texas,39649,502.6,48135,Ector,America/Chicago
28314,35.0557,-79.01678,Fayetteville,NC,North Carolina,57908,1153.5,37051,Cumberland,America/New_York
19120,40.03417,-75.11986,Philadelphia,PA,Pennsylvania,71360,8519.2,42101,Philadelphia,America/New_York
19134,39.98953,-75.10838,Philadelphia,PA,Pennsylvania,60229,6748.2,42101,Philadelphia,America/New_York
19140,40.01224,-75.14512,Philadelphia,PA,Pennsylvania,53996,6613.6,42101,Philadelphia,America/New_York
19143,39.94315,-75.22664,Philadelphia,PA,Pennsylvania,63186,7830.3,42101,Philadelphia,America/New_York
19601,40.3526,-75.9408,Reading,PA,Pennsylvania,36003,3695.2,42011,Berks,America/New_York
19711,39.71379,-75.74033,Newark,DE,Delaware,49746,700.8,10003,New Castle,America/New_York
19805,39.74523,-75.59373,Wilmington,DE,Delaware,39610,2771.6,10003,New Castle,America/New_York
19901,39.17335,-75.47758,Dover,DE,Delaware,39097,199.1,10001,Kent,America/New_York
20016,38.93822,-77.09139,Washington,DC,District of Columbia,32570,2837.8,11001,District of Columbia,America/New_York
20707,39.09563,-76.8842,Laurel,MD,Maryland,36352,1109.6,24033,Prince George's,America/New_York
20735,38.75034,-76.90566,Clinton,MD,Maryland,39399,586.8,24033,Prince George's,America/New_York
20852,39.05134,-77.12507,Rockville,MD,Maryland,48379,2313.4,24031,Montgomery,America/New_York
20877,39.14068,-77.18865,Gaithersburg,MD,Maryland,38524,2636.9,24031,Montgomery,America/New_York
21044,39.21047,-76.88353,Columbia,MD,Maryland,45100,1464.9,24027,Howard,America/New_York
91360,34.21475,-118.87735,Thousand Oaks,CA,California,42444,1066.7,06111,Ventura,America/Los_Angeles
91505,34.17583,-118.34692,Burbank,CA,California,32156,2319.1,06037,Los Angeles,America/Los_Angeles
91730,34.10023,-117.5811,Rancho Cucamonga,CA,California,71040,1997.8,06071,San Bernardino,America/Los_Angeles
91761,34.03541,-117.5915,Ontario,CA,California,61837,838.0,06071,San Bernardino,America/Los_Angeles
91767,34.08143,-117.73868,Pomona,CA,California,50715,3444.5,06037,Los Angeles,America/Los_Angeles
91776,34.08987,-118.09519,San Gabriel,CA,California,37340,4315.4,06037,Los Angeles,America/Los_Angeles
91911,32.60686,-117.04984,Chula Vista,CA,California,87799,2663.4,06073,San Diego,America/Los_Angeles
91941,32.75964,-116.99253,La Mesa,CA,California,33602,1577.7,06073,San Diego,America/Los_Angeles
98502,47.08466,-123.02958,Olympia,WA,Washington,35551,216.4,53067,Thurston,America/Los_Angeles
98632,46.21223,-123.06855,Longview,WA,Washington,50837,161.7,53015,Cowlitz,America/Los_Angeles
98661,45.63935,-122.62586,Vancouver,WA,Washington,49910,1767.8,53011,Clark,America/Los_Angeles
99207,47.68941,-117.38911,Spokane,WA,Washington,32219,2394.2,53063,Spokane,America/Los_Angeles
63116,38.57999,-90.26501,Saint Louis,MO,Missouri,41821,2989.6,29510,St. Louis,America/Chicago
63122,38.57853,-90.42133,Saint Louis,MO,Missouri,41416,1104.2,29189,St. Louis,America/Chicago
63301,38.86159,-90.47207,Saint Charles,MO,Missouri,51401,235.3,29183,St. Charles,America/Chicago
65109,38.57365,-92.27791,Jefferson City,MO,Missouri,40191,192.2,29051,Cole,America/Chicago
65203,38.89497,-92.39928,Columbia,MO,Missouri,59673,308.6,29019,Boone,America/Chicago
65807,37.166,-93.32483,Springfield,MO,Missouri,55384,1017.5,29077,Greene,America/Chicago
66062,38.83677,-94.78455,Olathe,KS,Kansas,77312,709.6,20091,Johnson,America/Chicago
66212,38.9563,-94.68154,Overland Park,KS,Kansas,32806,1666.7,20091,Johnson,America/Chicago
66502,39.14146,-96.52906,Manhattan,KS,Kansas,44813,78.0,20161,Riley,America/Chicago
97206,45.48173,-122.5988,Portland,OR,Oregon,51062,3055.7,41051,Multnomah,America/Los_Angeles
97224,45.40568,-122.7958,Portland,OR,Oregon,36591,1561.4,41067,Washington,America/Los_Angeles
97301,44.94948,-123.00439,Salem,OR,Oregon,55386,1891.6,41047,Marion,America/Los_Angeles
97405,43.95528,-123.167,Eugene,OR,Oregon,46695,139.6,41039,Lane,America/Los_Angeles
85635,31.55322,-110.17304,Sierra Vista,AZ,Arizona,35516,201.5,04003,Cochise,America/Phoenix
85705,32.27119,-110.99172,Tucson,AZ,Arizona,56344,1596.6,04019,Pima,America/Phoenix
86442,35.09139,-114.57731,Bullhead City,AZ,Arizona,34071,467.1,04015,Mohave,America/Phoenix
87105,34.99512,-106.68644,Albuquerque,NM,New Mexico,55295,531.5,35001,Bernalillo,America/Denver
87124,35.27144,-106.79627,Rio Rancho,NM,New Mexico,57239,283.5,35043,Sandoval,America/Denver
87401,36.73824,-108.18377,Farmington,NM,New Mexico,46398,134.9,35045,San Juan,America/Denver
87505,35.62307,-105.86891,Santa Fe,NM,New Mexico,31857,188.9,35049,Santa Fe,America/Denver
61761,40.52503,-88.95152,Normal,IL,Illinois,53423,484.6,17113,McLean,America/Chicago
61821,40.11041,-88.27611,Champaign,IL,Illinois,29072,1459.1,17019,Champaign,America/Chicago
61832,40.13186,-87.63256,Danville,IL,Illinois,32631,461.0,17183,Vermilion,America/Chicago
67212,37.70247,-97.43658,Wichita,KS,Kansas,44171,1362.0,20173,Sedgwick,America/Chicago
67846,38.02311,-100.77756,Garden City,KS,Kansas,34584,17.1,20055,Finney,America/Chicago
68025,41.43749,-96.49158,Fremont,NE,Nebraska,31304,97.5,31053,Dodge,America/Chicago
68104,41.29525,-96.00104,Omaha,NE,Nebraska,37834,2214.3,31055,Douglas,America/Chicago
68701,42.02024,-97.44099,Norfolk,NE,Nebraska,31116,63.7,31119,Madison,America/Chicago
68801,40.94949,-98.29295,Grand Island,NE,Nebraska,30277,129.9,31079,Hall,America/Chicago
70065,30.02767,-90.25405,Kenner,LA,Louisiana,50210,2411.0,22051,Jefferson,America/Chicago
70506,30.19586,-92.08075,Lafayette,LA,Louisiana,39926,742.5,22055,Lafayette,America/Chicago
62301,39.93139,-91.38741,Quincy,IL,Illinois,30944,1069.6,17001,Adams,America/Chicago
53081,43.71343,-87.73725,Sheboygan,WI,Wisconsin,43042,712.8,55117,Sheboygan,America/Chicago
53132,42.88589,-88.01063,Franklin,WI,Wisconsin,36094,401.5,55079,Milwaukee,America/Chicago
53142,42.54464,-87.93765,Kenosha,WI,Wisconsin,33701,629.1,55059,Kenosha,America/Chicago
53186,43.02305,-88.20319,Waukesha,WI,Wisconsin,33672,1032.6,55133,Waukesha,America/Chicago
53209,43.12871,-87.94717,Milwaukee,WI,Wisconsin,46441,1646.6,55079,Milwaukee,America/Chicago
53214,43.02061,-88.01634,Milwaukee,WI,Wisconsin,34892,1886.5,55079,Milwaukee,America/Chicago
53711,43.01521,-89.40641,Madison,WI,Wisconsin,49749,740.2,55025,Dane,America/Chicago
21215,39.34578,-76.68367,Baltimore,MD,Maryland,53674,3042.4,24510,Baltimore,America/New_York
21740,39.63233,-77.73902,Hagerstown,MD,Maryland,62760,341.9,24043,Washington,America/New_York
22153,38.74443,-77.23451,Springfield,VA,Virginia,32546,1418.6,51059,Fairfax,America/New_York
22204,38.86076,-77.09894,Arlington,VA,Virginia,52359,4908.5,51013,Arlington,America/New_York
22304,38.81361,-77.11498,Alexandria,VA,Virginia,49711,3960.4,51510,Alexandria,America/New_York
22801,38.40519,-78.87931,Harrisonburg,VA,Virginia,39154,445.6,51165,Rockingham,America/New_York
22901,38.08874,-78.55569,Charlottesville,VA,Virginia,35610,263.6,51003,Albemarle,America/New_York
22980,38.09588,-78.88585,Waynesboro,VA,Virginia,32133,166.5,51015,Augusta,America/New_York
70601,30.22627,-93.21525,Lake Charles,LA,Louisiana,32936,788.9,22019,Calcasieu,America/Chicago
71111,32.57904,-93.70379,Bossier City,LA,Louisiana,42953,366.6,22015,Bossier,America/Chicago
71203,32.58398,-92.01351,Monroe,LA,Louisiana,40063,130.5,22073,Ouachita,America/Chicago
71603,34.12881,-92.08492,Pine Bluff,AR,Arkansas,30604,70.4,05069,Jefferson,America/Chicago
72701,35.9873,-94.08179,Fayetteville,AR,Arkansas,47780,146.4,05143,Washington,America/Chicago
72756,36.32214,-93.9922,Rogers,AR,Arkansas,40282,119.7,05007,Benton,America/Chicago
72762,36.18747,-94.22794,Springdale,AR,Arkansas,44822,297.7,05143,Washington,America/Chicago
62521,39.81435,-88.93086,Decatur,IL,Illinois,33453,195.8,17115,Macon,America/Chicago
97477,44.05861,-123.01126,Springfield,OR,Oregon,38105,1184.4,41039,Lane,America/Los_Angeles
97504,42.32757,-122.80068,Medford,OR,Oregon,49426,440.7,41029,Jackson,America/Los_Angeles
97756,44.28079,-121.19335,Redmond,OR,Oregon,43545,133.1,41017,Deschutes,America/Los_Angeles
23223,37.55595,-77.37927,Richmond,VA,Virginia,55072,1275.5,51087,Henrico,America/New_York
23320,36.75208,-76.21807,Chesapeake,VA,Virginia,62000,754.2,51550,Chesapeake,America/New_York
23434,36.70163,-76.59074,Suffolk,VA,Virginia,51108,95.4,51800,Suffolk,America/New_York
23464,36.79732,-76.17899,Virginia Beach,VA,Virginia,76131,1763.6,51810,Virginia Beach,America/New_York
23602,37.11511,-76.51625,Newport News,VA,Virginia,43127,1266.1,51700,Newport News,America/New_York
23666,37.05818,-76.40817,Hampton,VA,Virginia,53655,1068.5,51650,Hampton,America/New_York
24153,37.29674,-80.11609,Salem,VA,Virginia,38386,146.4,51161,Roanoke,America/New_York
63376,38.80022,-90.61636,Saint Peters,MO,Missouri,74967,721.1,29183,St. Charles,America/Chicago
64055,39.05061,-94.39848,Independence,MO,Missouri,36162,1117.2,29095,Jackson,America/Chicago
55016,44.8172,-92.93373,Cottage Grove,MN,Minnesota,38842,498.2,27163,Washington,America/Chicago
55044,44.64156,-93.27858,Lakeville,MN,Minnesota,61134,361.7,27037,Dakota,America/Chicago
55106,44.95743,-93.04679,Saint Paul,MN,Minnesota,57662,2363.1,27123,Ramsey,America/Chicago
55113,45.01295,-93.15512,Saint Paul,MN,Minnesota,41369,1076.0,27123,Ramsey,America/Chicago
55122,44.80326,-93.1962,Saint Paul,MN,Minnesota,31494,1129.4,27037,Dakota,America/Chicago
55124,44.74566,-93.20042,Saint Paul,MN,Minnesota,55594,1272.8,27037,Dakota,America/Chicago
55125,44.91998,-92.94388,Saint Paul,MN,Minnesota,45835,1153.0,27163,Washington,America/Chicago
55369,45.12834,-93.44837,Osseo,MN,Minnesota,37983,592.5,27053,Hennepin,America/Chicago
55407,44.93484,-93.25263,Minneapolis,MN,Minnesota,36997,3558.4,27053,Hennepin,America/Chicago
55433,45.16132,-93.31638,Minneapolis,MN,Minnesota,34126,1132.3,27003,Anoka,America/Chicago
26003,40.0693,-80.6508,Wheeling,WV,West Virginia,40714,172.6,54069,Ohio,America/New_York
71854,33.44445,-93.90504,Texarkana,AR,Arkansas,36148,51.7,05091,Miller,America/Chicago
71901,34.52682,-92.97247,Hot Springs National Park,AR,Arkansas,30023,113.7,05051,Garland,America/Chicago
72032,35.07393,-92.36451,Conway,AR,Arkansas,34900,117.7,05045,Faulkner,America/Chicago
72209,34.6805,-92.33974,Little Rock,AR,Arkansas,32095,678.5,05119,Pulaski,America/Chicago
11520,40.65007,-73.58305,Freeport,NY,New York,44876,3424.1,36059,Nassau,America/New_York
11550,40.70158,-73.62039,Hempstead,NY,New York,60668,5565.3,36059,Nassau,America/New_York
11561,40.58969,-73.64455,Long Beach,NY,New York,38755,3729.7,36059,Nassau,America/New_York
11572,40.63231,-73.63686,Oceanside,NY,New York,29961,2426.1,36059,Nassau,America/New_York
11757,40.68892,-73.37356,Lindenhurst,NY,New York,45082,2556.1,36103,Suffolk,America/New_York
28403,34.22177,-77.87902,Wilmington,NC,North Carolina,39628,1090.6,37129,New Hanover,America/New_York
28540,34.74361,-77.49833,Jacksonville,NC,North Carolina,50207,175.7,37133,Onslow,America/New_York
28601,35.7729,-81.32704,Hickory,NC,North Carolina,53172,436.2,37035,Catawba,America/New_York
14215,42.93451,-78.81023,Buffalo,NY,New York,42368,3434.1,36029,Erie,America/New_York
14304,43.10197,-78.95282,Niagara Falls,NY,New York,28582,512.2,36063,Niagara,America/New_York
14609,43.17731,-77.55234,Rochester,NY,New York,41134,2147.1,36055,Monroe,America/New_York
14701,42.08091,-79.25502,Jamestown,NY,New York,39481,164.7,36013,Chautauqua,America/New_York
99301,46.39184,-118.93509,Pasco,WA,Washington,85210,67.7,53021,Franklin,America/Los_Angeles
55901,44.07679,-92.5018,Rochester,MN,Minnesota,58015,677.2,27109,Olmsted,America/Chicago
98002,47.3082,-122.21567,Auburn,WA,Washington,36812,1984.0,53033,King,America/Los_Angeles
98006,47.55772,-122.14957,Bellevue,WA,Washington,39753,1365.6,53033,King,America/Los_Angeles
98026,47.83555,-122.3316,Edmonds,WA,Washington,39035,1606.4,53061,Snohomish,America/Los_Angeles
98031,47.4055,-122.1943,Kent,WA,Washington,41615,2077.7,53033,King,America/Los_Angeles
98042,47.36508,-122.11623,Kent,WA,Washington,49338,685.6,53033,King,America/Los_Angeles
98052,47.68148,-122.1203,Redmond,WA,Washington,77324,1473.7,53033,King,America/Los_Angeles
98059,47.49563,-122.12474,Renton,WA,Washington,41619,993.9,53033,King,America/Los_Angeles
98103,47.6732,-122.34258,Seattle,WA,Washington,51878,4369.1,53033,King,America/Los_Angeles
98105,47.66094,-122.28321,Seattle,WA,Washington,50302,5061.5,53033,King,America/Los_Angeles
98115,47.68547,-122.28234,Seattle,WA,Washington,54457,3207.1,53033,King,America/Los_Angeles
98198,47.39469,-122.31111,Seattle,WA,Washington,38942,1946.4,53033,King,America/Los_Angeles
98208,47.90072,-122.18852,Everett,WA,Washington,60723,1538.7,53061,Snohomish,America/Los_Angeles
98226,48.80064,-122.42299,Bellingham,WA,Washington,45703,166.8,53073,Whatcom,America/Los_Angeles
98270,48.05952,-122.1443,Marysville,WA,Washington,52794,1429.4,53061,Snohomish,America/Los_Angeles
88001,32.29026,-106.75318,Las Cruces,NM,New Mexico,39358,1370.2,35013,Doña Ana,America/Denver
88101,34.50114,-103.26616,Clovis,NM,New Mexico,45619,32.7,35009,Curry,America/Denver
88220,32.31421,-104.41732,Carlsbad,NM,New Mexico,39809,8.1,35015,Eddy,America/Denver
89015,36.03887,-114.9282,Henderson,NV,Nevada,41742,432.2,32003,Clark,America/Los_Angeles
89031,36.25846,-115.17075,North Las Vegas,NV,Nevada,74005,2888.8,32003,Clark,America/Los_Angeles
89115,36.25374,-115.04285,Las Vegas,NV,Nevada,66461,1030.6,32003,Clark,America/Los_Angeles
89431,39.53865,-119.75005,Sparks,NV,Nevada,40973,1714.8,32031,Washoe,America/Los_Angeles
89502,39.49383,-119.74701,Reno,NV,Nevada,46412,835.1,32031,Washoe,America/Los_Angeles
01752,42.3494,-71.54681,Marlborough,MA,Massachusetts,41391,766.1,25017,Middlesex,America/New_York
01810,42.64669,-71.16517,Andover,MA,Massachusetts,35612,450.5,25009,Essex,America/New_York
01841,42.71077,-71.16494,Lawrence,MA,Massachusetts,52738,6690.5,25009,Essex,America/New_York
01852,42.63231,-71.29538,Lowell,MA,Massachusetts,36546,2837.5,25017,Middlesex,America/New_York
01915,42.56841,-70.8647,Beverly,MA,Massachusetts,41611,1130.7,25009,Essex,America/New_York
02038,42.08622,-71.41126,Franklin,MA,Massachusetts,32777,475.1,25021,Norfolk,America/New_York
02138,42.37997,-71.13446,Cambridge,MA,Massachusetts,38006,5358.9,25017,Middlesex,America/New_York
02148,42.43048,-71.05762,Malden,MA,Massachusetts,65463,5009.0,25017,Middlesex,America/New_York
02149,42.40643,-71.05446,Everett,MA,Massachusetts,48685,5497.8,25017,Middlesex,America/New_York
02151,42.41887,-71.004,Revere,MA,Massachusetts,60592,4100.5,25025,Suffolk,America/New_York
02169,42.23971,-71.01802,Quincy,MA,Massachusetts,60938,1945.2,25021,Norfolk,America/New_York
02740,41.63802,-70.93839,New Bedford,MA,Massachusetts,46623,3132.1,25005,Bristol,America/New_York
35810,34.80183,-86.60264,Huntsville,AL,Alabama,31668,434.4,01089,Madison,America/Chicago
36116,32.27312,-86.21765,Montgomery,AL,Alabama,45445,328.9,01101,Montgomery,America/Chicago
30318,33.79235,-84.44831,Atlanta,GA,Georgia,59559,1132.3,13121,Fulton,America/New_York
30328,33.93194,-84.38617,Atlanta,GA,Georgia,39026,1182.5,13121,Fulton,America/New_York
30344,33.67508,-84.46029,Atlanta,GA,Georgia,35302,1121.9,13121,Fulton,America/New_York
30605,33.90551,-83.32405,Athens,GA,Georgia,42360,428.1,13059,Clarke,America/New_York
36608,30.68115,-88.29593,Mobile,AL,Alabama,36281,215.1,01097,Mobile,America/Chicago
44134,41.38496,-81.70459,Cleveland,OH,Ohio,37914,1509.0,39035,Cuyahoga,America/New_York
44221,41.13898,-81.47624,Cuyahoga Falls,OH,Ohio,29677,1792.5,39153,Summit,America/New_York
44240,41.13329,-81.34241,Kent,OH,Ohio,38208,371.2,39133,Portage,America/New_York
44256,41.14092,-81.85954,Medina,OH,Ohio,64186,189.5,39103,Medina,America/New_York
44312,41.01462,-81.4412,Akron,OH,Ohio,30508,621.5,39153,Summit,America/New_York
45011,39.42892,-84.50173,Hamilton,OH,Ohio,73596,470.5,39017,Butler,America/New_York
45014,39.32822,-84.5521,Fairfield,OH,Ohio,46023,786.6,39017,Butler,America/New_York
45040,39.35023,-84.30996,Mason,OH,Ohio,57214,776.4,39165,Warren,America/New_York
73034,35.69877,-97.42665,Edmond,OK,Oklahoma,46751,349.4,40109,Oklahoma,America/Chicago
73071,35.23728,-97.4131,Norman,OK,Oklahoma,43027,712.4,40027,Cleveland,America/Chicago
73120,35.58049,-97.57248,Oklahoma City,OK,Oklahoma,35070,1225.6,40109,Oklahoma,America/Chicago
06360,41.54883,-72.08914,Norwich,CT,Connecticut,37219,535.9,09180,Southeastern Connecticut,America/New_York
06450,41.53332,-72.77399,Meriden,CT,Connecticut,36074,1000.5,09170,South Central Connecticut,America/New_York
06457,41.54759,-72.65484,Middletown,CT,Connecticut,47030,446.3,09130,Lower Connecticut River Valley,America/New_York
06460,41.21505,-73.05129,Milford,CT,Connecticut,37208,1155.7,09170,South Central Connecticut,America/New_York
06484,41.30601,-73.13828,Shelton,CT,Connecticut,41206,519.4,09140,Naugatuck Valley,America/New_York
06708,41.54939,-73.06738,Waterbury,CT,Connecticut,29215,1193.9,09140,Naugatuck Valley,America/New_York
06810,41.37627,-73.45904,Danbury,CT,Connecticut,54957,1014.6,09190,Western Connecticut,America/New_York
06824,41.17571,-73.28111,Fairfield,CT,Connecticut,36969,710.6,09120,Greater Bridgeport,America/New_York
07002,40.66681,-74.11582,Bayonne,NJ,New Jersey,70497,4674.4,34017,Hudson,America/New_York
07011,40.8801,-74.14449,Clifton,NJ,New Jersey,40042,4967.1,34031,Passaic,America/New_York
07017,40.77192,-74.20712,East Orange,NJ,New Jersey,39557,6752.7,34013,Essex,America/New_York
07036,40.62526,-74.23917,Linden,NJ,New Jersey,44996,1598.4,34039,Union,America/New_York
07050,40.76817,-74.2348,Orange,NJ,New Jersey,33523,5866.1,34013,Essex,America/New_York
07055,40.85746,-74.12821,Passaic,NJ,New Jersey,70048,8644.1,34031,Passaic,America/New_York
07060,40.61606,-74.42164,Plainfield,NJ,New Jersey,47883,3698.4,34039,Union,America/New_York
07090,40.65172,-74.34328,Westfield,NJ,New Jersey,30852,1767.9,34039,Union,America/New_York
07109,40.79502,-74.16161,Belleville,NJ,New Jersey,37893,4430.6,34013,Essex,America/New_York
07501,40.9125,-74.17099,Paterson,NJ,New Jersey,35492,7612.6,34031,Passaic,America/New_York
07601,40.8891,-74.04614,Hackensack,NJ,New Jersey,45758,4208.6,34003,Bergen,America/New_York
31088,32.58587,-83.65528,Warner Robins,GA,Georgia,58298,764.7,13153,Houston,America/New_York
45231,39.24617,-84.5383,Cincinnati,OH,Ohio,41466,1083.2,39061,Hamilton,America/New_York
45373,40.03353,-84.19588,Troy,OH,Ohio,37714,166.1,39109,Miami,America/New_York
45503,39.96073,-83.7682,Springfield,OH,Ohio,32714,723.2,39023,Clark,America/New_York
02886,41.70493,-71.45892,Warwick,RI,Rhode Island,30540,746.5,44003,Kent,America/New_York
02895,42.00103,-71.49923,Woonsocket,RI,Rhode Island,43163,2146.5,44007,Providence,America/New_York
02908,41.83877,-71.43926,Providence,RI,Rhode Island,39099,4437.3,44007,Providence,America/New_York
02920,41.76719,-71.4655,Cranston,RI,Rhode Island,36907,1592.5,44007,Providence,America/New_York
03060,42.74135,-71.45936,Nashua,NH,New Hampshire,31469,1852.5,33011,Hillsborough,America/New_York
12180,42.7516,-73.59997,Troy,NY,New York,53807,369.5,36083,Rensselaer,America/New_York
27360,35.85684,-80.09987,Thomasville,NC,North Carolina,47432,207.0,37057,Davidson,America/New_York
27405,36.11373,-79.73463,Greensboro,NC,North Carolina,51962,639.5,37081,Guilford,America/New_York
27511,35.76324,-78.78437,Cary,NC,North Carolina,32880,1082.0,37183,Wake,America/New_York
27514,35.96776,-79.04406,Chapel Hill,NC,North Carolina,32149,632.9,37135,Orange,America/New_York
27534,35.37153,-77.90646,Goldsboro,NC,North Carolina,30742,162.5,37191,Wayne,America/New_York
27604,35.82011,-78.56369,Raleigh,NC,North Carolina,43924,886.6,37183,Wake,America/New_York
27707,35.95463,-78.95451,Durham,NC,North Carolina,50696,945.3,37063,Durham,America/New_York
27834,35.6571,-77.37981,Greenville,NC,North Carolina,54547,120.8,37147,Pitt,America/New_York
27893,35.69351,-77.90458,Wilson,NC,North Carolina,38929,137.9,37195,Wilson,America/New_York
28027,35.40879,-80.67524,Concord,NC,North Carolina,79079,442.5,37025,Cabarrus,America/New_York
28052,35.22492,-81.23266,Gastonia,NC,North Carolina,35894,334.7,37071,Gaston,America/New_York
56301,45.48718,-94.24307,Saint Cloud,MN,Minnesota,35150,177.2,27145,Stearns,America/Chicago
92020,32.79557,-116.9697,El Cajon,CA,California,59775,2076.2,06073,San Diego,America/Los_Angeles
92024,33.05716,-117.25651,Encinitas,CA,California,50222,1075.8,06073,San Diego,America/Los_Angeles
92025,33.08492,-117.02967,Escondido,CA,California,50270,867.6,06073,San Diego,America/Los_Angeles
92037,32.85257,-117.25104,La Jolla,CA,California,37665,1207.2,06073,San Diego,America/Los_Angeles
92054,33.19377,-117.35508,Oceanside,CA,California,37050,1914.5,06073,San Diego,America/Los_Angeles
92105,32.73756,-117.09193,San Diego,CA,California,72688,4876.1,06073,San Diego,America/Los_Angeles
92236,33.70276,-116.07254,Coachella,CA,California,42506,265.3,06065,Riverside,America/Los_Angeles
92253,33.65562,-116.28785,La Quinta,CA,California,37898,361.8,06065,Riverside,America/Los_Angeles
92307,34.59078,-117.14127,Apple Valley,CA,California,40534,83.5,06071,San Bernardino,America/Los_Angeles
92345,34.36415,-117.30984,Hesperia,CA,California,87476,341.6,06071,San Bernardino,America/Los_Angeles
92374,34.06738,-117.17482,Redlands,CA,California,44976,967.5,06071,San Bernardino,America/Los_Angeles
92399,34.04469,-117.004,Yucaipa,CA,California,55236,397.6,06071,San Bernardino,America/Los_Angeles
92404,34.17862,-117.23891,San Bernardino,CA,California,64090,783.4,06071,San Bernardino,America/Los_Angeles
92503,33.88308,-117.45222,Riverside,CA,California,88617,996.7,06065,Riverside,America/Los_Angeles
92530,33.63386,-117.37949,Lake Elsinore,CA,California,58249,291.7,06065,Riverside,America/Los_Angeles
92553,33.92335,-117.24532,Moreno Valley,CA,California,73945,2783.2,06065,Riverside,America/Los_Angeles
92563,33.58435,-117.14458,Murrieta,CA,California,78139,1333.1,06065,Riverside,America/Los_Angeles
92592,33.511,-117.0242,Temecula,CA,California,81636,286.1,06065,Riverside,America/Los_Angeles
92627,33.64786,-117.9205,Costa Mesa,CA,California,62181,3752.3,06059,Orange,America/Los_Angeles
92630,33.64709,-117.68428,Lake Forest,CA,California,66240,2427.1,06059,Orange,America/Los_Angeles
92646,33.66525,-117.96755,Huntington Beach,CA,California,56033,2687.3,06059,Orange,America/Los_Angeles
92672,33.3825,-117.5403,San Clemente,CA,California,38020,412.8,06073,San Diego,America/Los_Angeles
92677,33.52777,-117.70523,Laguna Niguel,CA,California,64259,1508.6,06059,Orange,America/Los_Angeles
92683,33.75242,-117.99383,Westminster,CA,California,90630,3600.0,06059,Orange,America/Los_Angeles
92691,33.61051,-117.66627,Mission Viejo,CA,California,48073,2114.7,06059,Orange,America/Los_Angeles
92704,33.72038,-117.90807,Santa Ana,CA,California,80767,4210.0,06059,Orange,America/Los_Angeles
92804,33.81801,-117.97517,Anaheim,CA,California,84700,4589.9,06059,Orange,America/Los_Angeles
93010,34.23007,-119.07437,Camarillo,CA,California,47656,837.4,06111,Ventura,America/Los_Angeles
93030,34.2051,-119.1753,Oxnard,CA,California,58511,1600.8,06111,Ventura,America/Los_Angeles
28806,35.57154,-82.61386,Asheville,NC,North Carolina,44522,450.7,37021,Buncombe,America/New_York
29203,34.10198,-81.04009,Columbia,SC,South Carolina,41205,255.5,45079,Richland,America/New_York
29406,32.93417,-80.03083,Charleston,SC,South Carolina,32570,820.0,45019,Charleston,America/New_York
29464,32.82082,-79.85583,Mount Pleasant,SC,South Carolina,51259,656.6,45019,Charleston,America/New_York
29483,33.03126,-80.23205,Summerville,SC,South Carolina,56758,410.8,45035,Dorchester,America/New_York
29501,34.20414,-79.82654,Florence,SC,South Carolina,47406,349.4,45041,Florence,America/New_York
75002,33.08946,-96.60639,Allen,TX,Texas,72679,746.7,48085,Collin,America/Chicago
75007,33.00498,-96.8959,Carrollton,TX,Texas,54498,1767.3,48121,Denton,America/Chicago
75019,32.96183,-96.984,Coppell,TX,Texas,44706,1004.3,48113,Dallas,America/Chicago
75023,33.05657,-96.73286,Plano,TX,Texas,49376,2072.5,48085,Collin,America/Chicago
75034,33.12084,-96.83778,Frisco,TX,Texas,48749,1180.5,48085,Collin,America/Chicago
75043,32.8571,-96.57986,Garland,TX,Texas,64296,1692.6,48113,Dallas,America/Chicago
75051,32.72635,-96.99375,Grand Prairie,TX,Texas,40166,1228.3,48113,Dallas,America/Chicago
75056,33.07541,-96.90978,The Colony,TX,Texas,65785,1074.9,48121,Denton,America/Chicago
75061,32.82607,-96.96563,Irving,TX,Texas,56319,1872.6,48113,Dallas,America/Chicago
75080,32.97382,-96.7416,Richardson,TX,Texas,52184,1781.1,48113,Dallas,America/Chicago
75081,32.94969,-96.70899,Richardson,TX,Texas,36493,1563.2,48113,Dallas,America/Chicago
75104,32.58295,-96.96712,Cedar Hill,TX,Texas,49291,515.7,48113,Dallas,America/Chicago
75150,32.81545,-96.6308,Mesquite,TX,Texas,63895,1964.1,48113,Dallas,America/Chicago
75217,32.71291,-96.68243,Dallas,TX,Texas,87154,1212.3,48113,Dallas,America/Chicago
75220,32.86692,-96.87571,Dallas,TX,Texas,40327,1376.2,48113,Dallas,America/Chicago
57401,45.4753,-98.53042,Aberdeen,SD,South Dakota,32217,44.6,46013,Brown,America/Chicago
57701,44.1209,-103.20562,Rapid City,SD,South Dakota,45046,333.1,46103,Pennington,America/Denver
47905,40.4218,-86.76418,Lafayette,IN,Indiana,41689,133.7,18157,Tippecanoe,America/Indiana/Indianapolis
48066,42.50735,-82.93697,Roseville,MI,Michigan,47476,1859.1,26099,Macomb,America/Detroit
48073,42.51919,-83.16437,Royal Oak,MI,Michigan,33822,1766.1,26125,Oakland,America/Detroit
48104,42.26343,-83.71748,Ann Arbor,MI,Michigan,45161,2236.9,26161,Washtenaw,America/Detroit
48126,42.32999,-83.18678,Dearborn,MI,Michigan,53044,2445.9,26163,Wayne,America/Detroit
48127,42.33663,-83.28292,Dearborn Heights,MI,Michigan,40392,2028.7,26163,Wayne,America/Detroit
48146,42.24322,-83.18114,Lincoln Park,MI,Michigan,39807,2633.5,26163,Wayne,America/Detroit
48180,42.22605,-83.26881,Taylor,MI,Michigan,62937,1029.0,26163,Wayne,America/Detroit
48183,42.1361,-83.22045,Trenton,MI,Michigan,42467,908.8,26163,Wayne,America/Detroit
48185,42.33579,-83.38458,Westland,MI,Michigan,48622,1542.3,26163,Wayne,America/Detroit
48187,42.3292,-83.48784,Canton,MI,Michigan,52861,1129.1,26163,Wayne,America/Detroit
48205,42.43317,-82.98131,Detroit,MI,Michigan,31816,1934.0,26163,Wayne,America/Detroit
48227,42.38732,-83.1926,Detroit,MI,Michigan,39024,2008.1,26163,Wayne,America/Detroit
48234,42.4312,-83.03952,Detroit,MI,Michigan,32402,1600.7,26163,Wayne,America/Detroit
48237,42.46494,-83.18241,Oak Park,MI,Michigan,29495,2212.6,26125,Oakland,America/Detroit
48307,42.65953,-83.12301,Rochester,MI,Michigan,43799,1111.0,26125,Oakland,America/Detroit
48310,42.56511,-83.06694,Sterling Heights,MI,Michigan,43232,1888.6,26099,Macomb,America/Detroit
73505,34.5718,-98.4834,Lawton,OK,Oklahoma,47658,284.8,40031,Comanche,America/Chicago
74012,36.05381,-95.80509,Broken Arrow,OK,Oklahoma,63498,987.6,40143,Tulsa,America/Chicago
29730,34.8878,-81.02116,Rock Hill,SC,South Carolina,56727,183.5,45091,York,America/New_York
30062,33.99977,-84.46899,Marietta,GA,Georgia,62958,939.5,13067,Cobb,America/New_York
30076,34.02777,-84.31723,Roswell,GA,Georgia,46089,1110.3,13121,Fulton,America/New_York
30080,33.87864,-84.5053,Smyrna,GA,Georgia,53116,1626.0,13067,Cobb,America/New_York
30188,34.11873,-84.45526,Woodstock,GA,Georgia,64757,572.4,13057,Cherokee,America/New_York
03301,43.22423,-71.54342,Concord,NH,New Hampshire,33986,266.5,33013,Merrimack,America/New_York
03820,43.18933,-70.88428,Dover,NH,New Hampshire,32925,466.0,33017,Strafford,America/New_York
36830,32.5339,-85.49449,Auburn,AL,Alabama,47050,165.9,01081,Lee,America/Chicago
37042,36.56894,-87.41225,Clarksville,TN,Tennessee,83409,566.3,47125,Montgomery,America/Chicago
37064,35.88966,-86.96112,Franklin,TN,Tennessee,63374,133.0,47187,Williamson,America/Chicago
37075,36.34085,-86.60845,Hendersonville,TN,Tennessee,72102,471.5,47165,Sumner,America/Chicago
37087,36.2733,-86.27224,Lebanon,TN,Tennessee,53068,124.2,47189,Wilson,America/Chicago
37130,35.8809,-86.33003,Murfreesboro,TN,Tennessee,58119,414.5,47149,Rutherford,America/Chicago
37167,35.96325,-86.52922,Smyrna,TN,Tennessee,62284,437.3,47149,Rutherford,America/Chicago
37211,36.06704,-86.72345,Nashville,TN,Tennessee,74389,1322.0,47037,Davidson,America/Chicago
37421,35.02915,-85.153,Chattanooga,TN,Tennessee,52507,639.5,47065,Hamilton,America/New_York
37604,36.29923,-82.38302,Johnson City,TN,Tennessee,37090,433.7,47179,Washington,America/New_York
37620,36.55124,-82.09867,Bristol,TN,Tennessee,38245,115.2,47163,Sullivan,America/New_York
74133,36.04113,-95.87955,Tulsa,OK,Oklahoma,48350,1366.0,40143,Tulsa,America/Chicago
74403,35.67427,-95.305,Muskogee,OK,Oklahoma,29294,103.1,40101,Muskogee,America/Chicago
33311,26.14412,-80.17319,Fort Lauderdale,FL,Florida,75435,2808.4,12011,Broward,America/New_York
33317,26.11268,-80.22607,Fort Lauderdale,FL,Florida,36322,1467.4,12011,Broward,America/New_York
33319,26.1826,-80.22641,Fort Lauderdale,FL,Florida,52000,2953.4,12011,Broward,America/New_York
33407,26.75841,-80.09195,West Palm Beach,FL,Florida,32904,1288.4,12099,Palm Beach,America/New_York
33433,26.34706,-80.15919,Boca Raton,FL,Florida,45580,1862.6,12099,Palm Beach,America/New_York
33437,26.51164,-80.14917,Boynton Beach,FL,Florida,38178,1370.9,12099,Palm Beach,America/New_York
33445,26.4548,-80.1063,Delray Beach,FL,Florida,31283,1494.5,12099,Palm Beach,America/New_York
33458,26.93477,-80.12906,Jupiter,FL,Florida,56799,1077.3,12099,Palm Beach,America/New_York
33614,28.00619,-82.50598,Tampa,FL,Florida,46844,1857.0,12057,Hillsborough,America/New_York
33710,27.7898,-82.73069,Saint Petersburg,FL,Florida,34102,1651.5,12103,Pinellas,America/New_York
33801,28.0401,-81.8947,Lakeland,FL,Florida,33861,690.7,12105,Polk,America/New_York
42071,36.62139,-88.28291,Murray,KY,Kentucky,30254,55.9,21035,Calloway,America/Chicago
42104,36.87718,-86.45233,Bowling Green,KY,Kentucky,40285,268.0,21227,Warren,America/Chicago
42301,37.73983,-87.24643,Owensboro,KY,Kentucky,45851,102.3,21059,Daviess,America/Chicago
42420,37.79875,-87.51517,Henderson,KY,Kentucky,38528,77.7,21101,Henderson,America/Chicago
43017,40.1189,-83.13314,Dublin,OH,Ohio,41837,1000.5,39049,Franklin,America/New_York
43055,40.1168,-82.37672,Newark,OH,Ohio,62460,214.0,39089,Licking,America/New_York
43123,39.86801,-83.12088,Grove City,OH,Ohio,66365,428.9,39049,Franklin,America/New_York
43130,39.70013,-82.60992,Lancaster,OH,Ohio,62187,145.9,39045,Fairfield,America/New_York
93101,34.41925,-119.70808,Santa Barbara,CA,California,29870,3601.4,06083,Santa Barbara,America/Los_Angeles
75701,32.32297,-95.29679,Tyler,TX,Texas,34822,955.8,48423,Smith,America/Chicago
13021,42.91713,-76.5542,Auburn,NY,New York,37640,121.9,36011,Cayuga,America/New_York
13440,43.21807,-75.45941,Rome,NY,New York,41198,136.5,36065,Oneida,America/New_York
13501,43.08138,-75.22611,Utica,NY,New York,40152,1753.1,36065,Oneida,America/New_York
13601,43.96949,-75.90965,Watertown,NY,New York,38332,105.1,36045,Jefferson,America/New_York
16602,40.51491,-78.37052,Altoona,PA,Pennsylvania,27813,731.4,42013,Blair,America/New_York
31204,32.84996,-83.67609,Macon,GA,Georgia,32285,854.7,13021,Bibb,America/New_York
31907,32.48388,-84.89976,Columbus,GA,Georgia,62140,1006.0,13215,Muscogee,America/New_York
32114,29.19312,-81.04915,Daytona Beach,FL,Florida,35583,858.8,12127,Volusia,America/New_York
32127,29.10866,-80.97907,Port Orange,FL,Florida,27908,724.4,12127,Volusia,America/New_York
32137,29.58057,-81.22455,Palm Coast,FL,Florida,46970,290.6,12035,Flagler,America/New_York
32174,29.28928,-81.16446,Ormond Beach,FL,Florida,52140,160.6,12127,Volusia,America/New_York
32216,30.27891,-81.58305,Jacksonville,FL,Florida,41010,1249.3,12031,Duval,America/New_York
32303,30.51237,-84.34386,Tallahassee,FL,Florida,49824,552.4,12073,Leon,America/New_York
04240,44.09147,-70.16808,Lewiston,ME,Maine,37577,424.9,23001,Androscoggin,America/New_York
04401,44.84711,-68.84654,Bangor,ME,Maine,44285,170.9,23019,Penobscot,America/New_York
07960,40.78452,-74.49813,Morristown,NJ,New Jersey,46560,519.3,34027,Morris,America/New_York
08302,39.4397,-75.2616,Bridgeton,NJ,New Jersey,47487,128.6,34011,Cumberland,America/New_York
08360,39.49374,-75.00352,Vineland,NJ,New Jersey,43784,381.3,34011,Cumberland,America/New_York
08401,39.37964,-74.45284,Atlantic City,NJ,New Jersey,38726,1400.5,34001,Atlantic,America/New_York
08701,40.07635,-74.20311,Lakewood,NJ,New Jersey,134008,2091.7,34029,Ocean,America/New_York
41042,38.98595,-84.64906,Florence,KY,Kentucky,55347,966.3,21015,Boone,America/New_York
48601,43.40096,-83.8952,Saginaw,MI,Michigan,32172,119.1,26145,Saginaw,America/Detroit
48640,43.58394,-84.33648,Midland,MI,Michigan,32723,120.2,26111,Midland,America/Detroit
48858,43.61483,-84.79576,Mount Pleasant,MI,Michigan,43036,95.3,26073,Isabella,America/Detroit
48911,42.67351,-84.57285,Lansing,MI,Michigan,40755,907.7,26065,Ingham,America/Detroit
76017,32.66223,-97.16237,Arlington,TX,Texas,46361,1753.8,48439,Tarrant,America/Chicago
76021,32.8523,-97.13128,Bedford,TX,Texas,34858,1854.9,48439,Tarrant,America/Chicago
76051,32.94192,-97.07888,Grapevine,TX,Texas,50303,871.3,48439,Tarrant,America/Chicago
76063,32.56913,-97.14376,Mansfield,TX,Texas,80101,618.1,48439,Tarrant,America/Chicago
76106,32.81417,-97.35209,Fort Worth,TX,Texas,37777,1007.5,48439,Tarrant,America/Chicago
76117,32.80374,-97.26766,Haltom City,TX,Texas,32692,1159.9,48439,Tarrant,America/Chicago
76248,32.92988,-97.22972,Keller,TX,Texas,40130,978.4,48439,Tarrant,America/Chicago
49201,42.25213,-84.38301,Jackson,MI,Michigan,49509,123.3,26075,Jackson,America/Detroit
49423,42.73964,-86.09015,Holland,MI,Michigan,46467,230.4,26005,Allegan,America/Detroit
49505,42.9984,-85.63699,Grand Rapids,MI,Michigan,32325,1425.4,26081,Kent,America/Detroit
08861,40.52087,-74.27397,Perth Amboy,NJ,New Jersey,58136,4402.1,34023,Middlesex,America/New_York
08901,40.48426,-74.44275,New Brunswick,NJ,New Jersey,56870,3503.9,34023,Middlesex,America/New_York
10009,40.72639,-73.97865,New York,NY,New York,58418,36572.9,36061,New York,America/New_York
10011,40.74173,-74.00037,New York,NY,New York,50772,30272.6,36061,New York,America/New_York
10024,40.78534,-73.97138,New York,NY,New York,62774,27381.4,36061,New York,America/New_York
10035,40.79538,-73.92965,New York,NY,New York,38595,10608.7,36061,New York,America/New_York
01040,42.21251,-72.64109,Holyoke,MA,Massachusetts,38210,697.1,25013,Hampden,America/New_York
01453,42.51961,-71.76583,Leominster,MA,Massachusetts,43550,637.9,25027,Worcester,America/New_York
43229,40.08569,-82.97636,Columbus,OH,Ohio,55168,2356.8,39049,Franklin,America/New_York
43302,40.59995,-83.12967,Marion,OH,Ohio,55090,109.1,39101,Marion,America/New_York
43402,41.40957,-83.65389,Bowling Green,OH,Ohio,31472,109.8,39173,Wood,America/New_York
43615,41.65045,-83.67255,Toledo,OH,Ohio,39405,922.9,39095,Lucas,America/New_York
44035,41.36539,-82.13025,Elyria,OH,Ohio,62050,503.7,39093,Lorain,America/New_York
44052,41.45519,-82.16133,Lorain,OH,Ohio,28264,1149.0,39093,Lorain,America/New_York
44060,41.67742,-81.32806,Mentor,OH,Ohio,59932,579.5,39085,Lake,America/New_York
44105,41.45069,-81.63032,Cleveland,OH,Ohio,33667,1458.4,39035,Cuyahoga,America/New_York
44107,41.48263,-81.80025,Lakewood,OH,Ohio,50676,3637.0,39035,Cuyahoga,America/New_York
34741,28.30544,-81.42567,Kissimmee,FL,Florida,54464,1404.2,12097,Osceola,America/New_York
34952,27.2969,-80.29748,Port Saint Lucie,FL,Florida,41779,654.8,12111,St. Lucie,America/New_York
35244,33.35205,-86.8267,Birmingham,AL,Alabama,36783,595.4,01117,Shelby,America/Chicago
35401,33.179,-87.61586,Tuscaloosa,AL,Alabama,39168,377.1,01125,Tuscaloosa,America/Chicago
35601,34.60616,-87.00795,Decatur,AL,Alabama,34817,507.5,01103,Morgan,America/Chicago
35630,34.82526,-87.66018,Florence,AL,Alabama,33252,507.9,01077,Lauderdale,America/Chicago
28110,35.06552,-80.52781,Monroe,NC,North Carolina,54577,165.4,37179,Union,America/New_York
28205,35.22019,-80.78737,Charlotte,NC,North Carolina,51160,1670.1,37119,Mecklenburg,America/New_York
10550,40.90627,-73.8351,Mount Vernon,NY,New York,40073,7782.0,36119,Westchester,America/New_York
10701,40.94702,-73.88034,Yonkers,NY,New York,68032,5998.2,36119,Westchester,America/New_York
10801,40.91751,-73.78396,New Rochelle,NY,New York,41724,4703.6,36119,Westchester,America/New_York
58103,46.85639,-96.82234,Fargo,ND,North Dakota,48577,1637.3,38017,Cass,America/Chicago
